#{"t_start": 1788796046.6613102, "env_id": "None"}
r,l,t
681.77234,300,677.284077
659.2358,300,677.284187
654.1139,300,677.284199
680.1957,300,677.284208
631.2441,300,677.284214
664.66766,300,677.284221
650.0481,300,677.284228
445.14386,300,677.284237
591.1562,300,677.284244
694.93207,300,677.28425
644.10675,300,677.284256
667.4628,300,677.284263
632.19214,300,677.28427
682.8174,300,677.284276
640.85095,300,677.284282
651.2203,300,677.284288
466.27618,300,677.284294
662.51666,300,677.2843
504.14954,300,677.284306
661.5586,300,677.284312
524.42206,300,677.284318
441.9736,300,677.284324
573.38586,300,677.284331
658.49695,300,677.284336
666.93097,300,677.284342
417.4793,300,677.284348
498.4035,300,677.284355
682.9072,300,677.284362
525.5439,300,677.284369
664.8349,300,677.284381
396.71204,300,677.284388
380.0273,300,677.284395
461.21606,300,677.284402
652.9379,300,677.284409
577.65216,300,677.284415
659.17065,300,677.284421
662.90173,300,677.284427
652.0975,300,677.284433
645.9055,300,677.284439
575.82135,300,677.284445
267.62433,300,677.284451
666.0772,300,677.284456
684.4385,300,677.284464
676.23395,300,677.28447
628.08014,300,677.284476
627.0949,300,677.284482
669.0902,300,677.284487
690.1081,300,677.284493
783.8914,300,1334.367141
783.66437,300,1334.367233
766.9499,300,1334.367244
776.9901,300,1334.367251
749.1843,300,1334.367258
801.171,300,1334.367264
772.5667,300,1334.36727
551.3391,300,1334.367277
722.2878,300,1334.367283
786.54034,300,1334.36729
801.33594,300,1334.367296
779.9726,300,1334.367303
771.0577,300,1334.36731
816.32556,300,1334.367316
762.0726,300,1334.367323
764.6749,300,1334.367328
641.3853,300,1334.367335
782.707,300,1334.367341
632.55,300,1334.367347
778.935,300,1334.367352
651.9231,300,1334.367358
530.4785,300,1334.367364
743.0188,300,1334.36737
779.8526,300,1334.367382
785.5423,300,1334.367388
510.50537,300,1334.367394
570.72705,300,1334.367401
809.3079,300,1334.367407
660.75543,300,1334.367413
769.55225,300,1334.36742
466.9628,300,1334.367426
564.1537,300,1334.367432
544.88544,300,1334.367438
783.23883,300,1334.367444
742.8186,300,1334.36745
769.9388,300,1334.367456
778.99396,300,1334.367462
779.1216,300,1334.367468
812.64,300,1334.367473
781.0849,300,1334.367479
422.90833,300,1334.367485
777.2231,300,1334.367491
799.01807,300,1334.367498
783.5896,300,1334.367504
758.7677,300,1334.36751
755.3597,300,1334.367516
782.9685,300,1334.367522
800.5045,300,1334.367528
787.1257,300,1992.782733
786.47675,300,1992.782826
767.65027,300,1992.782838
778.7046,300,1992.782845
741.87823,300,1992.782852
794.2927,300,1992.782858
777.5411,300,1992.782864
568.16125,300,1992.78287
710.4212,300,1992.782876
789.0364,300,1992.782883
786.0194,300,1992.782888
782.4359,300,1992.782895
769.6266,300,1992.782901
789.6166,300,1992.782907
753.92224,300,1992.782913
764.2529,300,1992.782919
558.79675,300,1992.782925
785.3733,300,1992.782931
602.3648,300,1992.782937
784.7765,300,1992.782943
665.139,300,1992.782949
568.567,300,1992.782955
750.4451,300,1992.782962
781.72144,300,1992.782968
789.3838,300,1992.782974
520.64075,300,1992.782981
612.9499,300,1992.782988
796.4444,300,1992.782994
629.36755,300,1992.783
764.8013,300,1992.783006
456.977,300,1992.783012
476.87253,300,1992.783018
585.99493,300,1992.783026
787.3149,300,1992.783033
756.22614,300,1992.783039
769.00104,300,1992.783045
786.381,300,1992.783051
784.0021,300,1992.783057
786.94836,300,1992.783062
766.7716,300,1992.783068
460.40863,300,1992.783074
779.42834,300,1992.783079
798.25903,300,1992.783086
785.7509,300,1992.783092
750.15063,300,1992.783098
749.9082,300,1992.783103
788.64935,300,1992.783109
801.69214,300,1992.783114
786.6815,300,2655.981105
789.995,300,2655.981194
767.88873,300,2655.981205
780.35864,300,2655.981212
734.4042,300,2655.981219
812.3222,300,2655.981225
772.83124,300,2655.981232
568.65753,300,2655.981238
696.12054,300,2655.981244
788.25977,300,2655.98125
802.50104,300,2655.981257
782.6859,300,2655.981263
770.6298,300,2655.981273
799.999,300,2655.98128
748.02216,300,2655.981286
755.6695,300,2655.981292
528.7076,300,2655.981298
786.75354,300,2655.981303
553.27673,300,2655.98131
783.8834,300,2655.981316
584.40137,300,2655.981321
546.6993,300,2655.981327
727.8436,300,2655.981334
779.4896,300,2655.98134
785.5103,300,2655.981346
513.1021,300,2655.981352
618.3148,300,2655.981358
810.363,300,2655.981364
581.67847,300,2655.98137
761.65936,300,2655.981382
460.7411,300,2655.981388
538.8919,300,2655.981395
589.91296,300,2655.981401
786.9861,300,2655.981408
741.37915,300,2655.981414
767.2798,300,2655.98142
785.62335,300,2655.981426
785.8917,300,2655.981431
799.1113,300,2655.981437
758.33777,300,2655.981443
413.47723,300,2655.981448
775.32355,300,2655.981454
812.2436,300,2655.981462
788.0794,300,2655.981468
746.10034,300,2655.981473
741.76495,300,2655.981479
786.1106,300,2655.981485
802.0089,300,2655.981491
741.80237,300,3320.369063
767.46014,300,3320.369159
761.0334,300,3320.369169
768.9903,300,3320.369177
741.8136,300,3320.369183
802.6843,300,3320.369189
741.9252,300,3320.369195
529.26184,300,3320.369201
695.7891,300,3320.369207
757.5406,300,3320.369213
802.2107,300,3320.369219
769.9335,300,3320.369226
736.6164,300,3320.369232
796.2173,300,3320.369238
748.49457,300,3320.369244
754.1241,300,3320.36925
468.66162,300,3320.369256
762.8925,300,3320.369262
497.50723,300,3320.369268
771.855,300,3320.369274
558.2333,300,3320.36928
408.95886,300,3320.369285
740.8513,300,3320.369301
769.1232,300,3320.369309
766.14746,300,3320.369315
446.23123,300,3320.369321
602.5734,300,3320.369328
797.303,300,3320.369334
597.92725,300,3320.36934
753.1975,300,3320.369346
403.92563,300,3320.369352
469.8358,300,3320.369359
511.7108,300,3320.369366
767.9209,300,3320.369372
744.00604,300,3320.369393
762.43207,300,3320.3694
768.5842,300,3320.369406
748.0431,300,3320.369412
805.3549,300,3320.369418
764.46704,300,3320.369424
375.1073,300,3320.36943
766.76044,300,3320.369435
790.87054,300,3320.369442
771.4667,300,3320.369448
748.56793,300,3320.369454
744.844,300,3320.36946
763.2762,300,3320.369466
781.3726,300,3320.369472
745.9594,300,3994.215632
748.61536,300,3994.215726
746.94855,300,3994.215737
751.00275,300,3994.215745
727.041,300,3994.215751
753.6703,300,3994.215757
717.86816,300,3994.215764
446.24747,300,3994.215771
695.9451,300,3994.215777
749.9754,300,3994.215783
752.5733,300,3994.215789
748.5703,300,3994.215796
748.2079,300,3994.215803
732.8926,300,3994.215809
736.14667,300,3994.215815
743.8075,300,3994.215821
541.0869,300,3994.215827
747.6398,300,3994.215834
598.97644,300,3994.21584
752.8971,300,3994.215846
596.6561,300,3994.215852
429.14578,300,3994.215858
729.4739,300,3994.215865
751.40204,300,3994.21587
749.3426,300,3994.215877
453.47714,300,3994.215883
583.37103,300,3994.215889
736.23303,300,3994.215895
584.2796,300,3994.215901
746.2732,300,3994.215907
393.86823,300,3994.215913
422.60773,300,3994.215919
554.7992,300,3994.215926
757.06555,300,3994.215932
720.6073,300,3994.215938
745.5811,300,3994.215944
747.3695,300,3994.215949
742.1704,300,3994.215955
763.5269,300,3994.215961
735.9788,300,3994.215966
355.6089,300,3994.215973
749.1167,300,3994.215978
738.16034,300,3994.215985
749.08594,300,3994.215991
736.35364,300,3994.215997
729.33203,300,3994.216002
756.0557,300,3994.216009
736.7113,300,3994.216014
773.2594,300,4672.579752
770.5255,300,4672.579847
762.0611,300,4672.579861
770.38727,300,4672.57987
746.8234,300,4672.579877
791.9921,300,4672.579883
743.18463,300,4672.57989
565.26056,300,4672.579895
691.7258,300,4672.579902
776.0016,300,4672.579908
781.447,300,4672.579915
765.529,300,4672.579921
762.65784,300,4672.57993
795.47876,300,4672.579937
757.89246,300,4672.579942
761.59894,300,4672.579948
506.06564,300,4672.579954
768.5623,300,4672.57996
590.03046,300,4672.579967
772.74994,300,4672.579973
583.87146,300,4672.579979
447.93225,300,4672.579984
738.6792,300,4672.579992
770.686,300,4672.579998
772.7888,300,4672.580004
473.88416,300,4672.580014
611.54004,300,4672.58002
791.63214,300,4672.580026
627.4459,300,4672.580032
766.53955,300,4672.580038
411.24112,300,4672.580044
457.42236,300,4672.58005
590.2024,300,4672.580058
772.2227,300,4672.580064
748.4973,300,4672.58007
760.46436,300,4672.580076
771.84106,300,4672.580082
767.7192,300,4672.580088
800.043,300,4672.580094
771.2433,300,4672.580101
399.43716,300,4672.580106
767.2352,300,4672.580112
784.69806,300,4672.580119
775.4791,300,4672.580125
759.8876,300,4672.580131
755.13586,300,4672.580137
774.33905,300,4672.580142
779.8615,300,4672.580148
768.415,300,5334.780402
770.1795,300,5334.780609
764.28564,300,5334.780622
764.0964,300,5334.78063
734.5288,300,5334.780641
787.07086,300,5334.780647
757.7081,300,5334.780653
586.3974,300,5334.780659
682.2239,300,5334.780666
773.31586,300,5334.780672
776.31555,300,5334.780679
761.6,300,5334.780684
763.1481,300,5334.780691
793.4395,300,5334.780698
750.91614,300,5334.780704
757.7325,300,5334.78071
526.81775,300,5334.780716
766.4571,300,5334.780722
538.4757,300,5334.780728
770.1566,300,5334.780734
620.7388,300,5334.78074
559.30005,300,5334.780746
741.03125,300,5334.780753
763.7082,300,5334.780759
773.26776,300,5334.780766
484.58936,300,5334.780771
634.9386,300,5334.780778
788.33923,300,5334.780784
633.2631,300,5334.78079
761.7309,300,5334.780796
422.51166,300,5334.780802
381.93396,300,5334.780808
603.776,300,5334.780817
768.0442,300,5334.780823
741.5405,300,5334.780829
760.7847,300,5334.780835
764.6327,300,5334.780841
770.4134,300,5334.780847
791.9333,300,5334.780853
758.64264,300,5334.780858
440.78568,300,5334.780864
763.33496,300,5334.78087
780.26996,300,5334.780877
766.12335,300,5334.780883
754.88245,300,5334.780889
749.223,300,5334.780895
768.58044,300,5334.780901
781.50867,300,5334.780907
758.58746,300,6014.975138
770.1439,300,6014.97523
766.37866,300,6014.975242
773.02386,300,6014.97525
739.9047,300,6014.975257
797.459,300,6014.975264
766.40076,300,6014.97527
566.9119,300,6014.975276
689.18536,300,6014.975282
764.88495,300,6014.975288
801.7652,300,6014.975295
769.7376,300,6014.9753
767.9032,300,6014.975307
777.86035,300,6014.975314
758.55084,300,6014.97532
762.7105,300,6014.975326
585.46124,300,6014.975332
770.36096,300,6014.975338
628.40924,300,6014.975345
771.9712,300,6014.975351
615.8126,300,6014.975357
577.68176,300,6014.975363
749.64233,300,6014.97537
776.76697,300,6014.975383
763.6884,300,6014.975389
534.365,300,6014.975395
630.65497,300,6014.975401
786.28326,300,6014.975408
609.18884,300,6014.975414
766.2067,300,6014.97542
498.514,300,6014.975426
411.0962,300,6014.975432
559.07056,300,6014.97544
777.1716,300,6014.975446
742.3471,300,6014.975452
771.2878,300,6014.975458
771.1969,300,6014.975464
755.72516,300,6014.97547
794.8284,300,6014.975476
776.50586,300,6014.975482
460.0528,300,6014.975488
772.74335,300,6014.975494
782.40656,300,6014.975502
770.2287,300,6014.975509
757.286,300,6014.975515
753.2028,300,6014.975521
771.7042,300,6014.975527
766.1351,300,6014.975534
702.64355,300,6689.432162
723.3114,300,6689.432254
722.15137,300,6689.432265
729.7259,300,6689.432273
695.91925,300,6689.43228
751.9284,300,6689.432287
724.5286,300,6689.432294
469.67838,300,6689.4323
639.3031,300,6689.432307
713.74713,300,6689.432313
749.339,300,6689.43232
722.24084,300,6689.432326
724.3497,300,6689.432333
735.0773,300,6689.432339
717.8829,300,6689.432346
722.687,300,6689.432352
468.37524,300,6689.432358
720.7727,300,6689.432364
509.0346,300,6689.43237
720.9843,300,6689.432384
497.16864,300,6689.43239
426.33502,300,6689.432397
710.9784,300,6689.432404
724.5613,300,6689.432409
713.0936,300,6689.432415
340.2188,300,6689.432421
492.68985,300,6689.432428
743.71515,300,6689.432435
544.8358,300,6689.432441
718.0648,300,6689.432447
304.16183,300,6689.432453
404.2643,300,6689.432458
394.02014,300,6689.432465
726.511,300,6689.432472
711.48663,300,6689.432478
720.7384,300,6689.432484
722.5884,300,6689.43249
699.3651,300,6689.432501
747.82355,300,6689.432507
731.21704,300,6689.432513
326.64655,300,6689.432519
724.95,300,6689.432525
751.93823,300,6689.432534
727.51514,300,6689.43254
713.1617,300,6689.432546
708.5042,300,6689.432552
719.9519,300,6689.432558
723.7932,300,6689.432565
